City_ID,City,Lat,Lng,Max Temp,Humidity,Cloudiness,Wind Speed,Country,Date
0,buchanan,5.8808,-10.0467,25.09,92,100,2.14,LR,1675829573
1,klaksvik,62.2266,-6.589,7.74,82,100,25.55,FO,1675829574
2,mahebourg,-20.4081,57.7,27.16,78,40,5.14,MU,1675829574
3,mitzic,0.7821,11.549,20.45,95,97,0.98,GA,1675829575
4,cabo san lucas,22.8909,-109.9124,20.28,44,84,2.07,MX,1675829576
5,atuona,-9.8,-139.0333,26.13,76,22,7.43,PF,1675829576
6,ushuaia,-54.8,-68.3,8.79,91,99,3.44,AR,1675829577
7,punta arenas,-53.15,-70.9167,13.06,71,0,6.69,CL,1675829577
8,puerto princesa,9.7392,118.7353,27.9,73,100,4.13,PH,1675829578
9,butaritari,3.0707,172.7902,27.41,80,100,9.67,KI,1675829578
10,nelson bay,-32.7167,152.15,28.03,62,39,7.6,AU,1675829579
11,lingyuan,41.24,119.4011,1.3,30,1,1.53,CN,1675829580
12,hermanus,-34.4187,19.2345,18.78,84,0,5.59,ZA,1675829444
13,san quintin,30.4833,-115.95,14.45,52,0,0.23,MX,1675829581
14,nome,64.5011,-165.4064,-24.96,84,0,0.0,US,1675829581
15,busselton,-33.65,115.3333,27.3,43,0,1.74,AU,1675829582
16,faya,18.3851,42.4509,8.29,54,5,1.35,SA,1675829328
17,mataura,-46.1927,168.8643,14.21,52,57,5.35,NZ,1675829583
18,pitsunda,43.1592,40.3378,3.1,81,100,4.37,GE,1675829584
19,hilo,19.7297,-155.09,24.04,91,100,3.09,US,1675829287
20,nizwa,22.9333,57.5333,21.42,39,29,0.5,OM,1675829585
21,wukari,7.85,9.7833,21.66,24,64,1.59,NG,1675829586
22,sosnovo-ozerskoye,52.5249,111.5418,-14.85,85,96,2.31,RU,1675829587
23,bethel,41.3712,-73.414,3.2,85,75,0.0,US,1675829588
24,cape town,-33.9258,18.4232,21.06,76,0,6.26,ZA,1675829345
25,vaini,-21.2,-175.2,25.09,100,75,2.57,TO,1675829589
26,ayan,56.45,138.1667,-26.04,58,30,2.73,RU,1675829590
27,kaitangata,-46.2817,169.8464,14.92,49,21,6.62,NZ,1675829519
28,zyryanka,65.75,150.85,-32.2,91,100,1.87,RU,1675829547
29,havre-saint-pierre,50.2334,-63.5986,-6.8,79,100,6.17,CA,1675829592
30,rikitea,-23.1203,-134.9692,26.55,70,52,4.0,PF,1675829593
31,kapaa,22.0752,-159.319,25.99,85,75,7.2,US,1675829442
32,katsuura,35.1333,140.3,10.21,68,97,8.39,JP,1675829567
33,constitucion,-35.3333,-72.4167,15.73,66,0,4.1,CL,1675829595
34,dikson,73.5069,80.5464,-20.44,90,100,10.01,RU,1675829596
35,puerto ayora,-0.7393,-90.3518,25.86,92,44,1.79,EC,1675829597
36,camopi,3.1655,-52.3158,22.04,100,100,0.84,GF,1675829598
37,port elizabeth,-33.918,25.5701,19.62,92,100,1.79,ZA,1675829599
38,turukhansk,65.8167,87.9833,-16.14,96,100,2.4,RU,1675829599
39,port alfred,-33.5906,26.891,20.1,90,100,1.79,ZA,1675829600
40,evensk,61.95,159.2333,-26.98,78,54,2.97,RU,1675829549
41,qaanaaq,77.484,-69.3632,-31.97,67,7,2.68,GL,1675829434
42,codrington,-38.2667,141.9667,19.23,59,63,6.44,AU,1675829602
43,avarua,-21.2078,-159.775,29.03,70,46,5.14,CK,1675829603
44,lavrentiya,65.5833,-171.0,-26.28,92,97,1.46,RU,1675829604
45,thompson,55.7435,-97.8558,-17.93,100,96,1.14,CA,1675829454
46,saint george,37.1041,-113.5841,7.75,51,0,2.57,US,1675829606
47,valera,9.3178,-70.6036,22.0,79,80,1.93,VE,1675829607
48,marsa matruh,31.3525,27.2453,11.83,67,95,5.69,EG,1675829608
49,sorland,67.667,12.6934,6.92,85,100,22.62,NO,1675829609
50,cidreira,-30.1811,-50.2056,23.95,82,7,6.2,BR,1675829438
51,faanui,-16.4833,-151.75,27.22,72,25,5.21,PF,1675829610
52,parabel,58.6978,81.4825,-18.68,98,97,3.15,RU,1675829611
53,hithadhoo,-0.6,73.0833,27.37,73,13,3.16,MV,1675829460
54,clyde river,70.4692,-68.5914,-35.47,98,90,1.25,CA,1675829613
55,pascagoula,30.3658,-88.5561,19.12,96,100,1.54,US,1675829614
56,esperance,-33.8667,121.9,22.28,64,71,5.54,AU,1675829345
57,santa cruz,-17.8,-63.1667,23.7,88,96,2.57,BO,1675829615
58,hasaki,35.7333,140.8333,11.22,70,100,9.41,JP,1675829616
59,kruisfontein,-34.0033,24.7314,18.27,82,99,1.64,ZA,1675829617
60,yellowknife,62.456,-114.3525,-19.69,83,100,2.68,CA,1675829601
61,atikokan,48.7555,-91.6216,-9.36,98,59,2.33,CA,1675829619
62,nikolskoye,59.7035,30.7861,-1.06,86,100,4.34,RU,1675829619
63,upernavik,72.7868,-56.1549,-30.59,95,47,1.81,GL,1675829620
64,jiujiang,29.7333,115.9833,9.77,87,100,5.82,CN,1675829621
65,touros,-5.1989,-35.4608,25.09,75,100,5.39,BR,1675829377
66,almeria,37.1667,-2.3333,8.09,82,100,1.79,ES,1675829621
67,longyearbyen,78.2186,15.6401,-5.09,68,40,4.12,SJ,1675829622
68,preobrazheniye,42.9019,133.9064,-2.33,40,7,4.56,RU,1675829623
69,albany,42.6001,-73.9662,2.93,79,81,0.45,US,1675829624
70,sambava,-14.2667,50.1667,24.48,87,89,3.27,MG,1675829624
71,sharan,54.8167,54.0,-23.39,100,89,1.21,RU,1675829625
72,bambous virieux,-20.3428,57.7575,27.14,78,40,5.14,MU,1675829625
73,sibolga,1.7427,98.7792,29.02,56,100,0.66,ID,1675829626
74,luderitz,-26.6481,15.1594,18.2,83,17,8.17,NA,1675829626
75,gravelbourg,49.8834,-106.5512,-2.29,88,100,3.45,CA,1675829627
76,wangkui,46.8333,126.5,-11.52,82,78,2.11,CN,1675829627
77,chokurdakh,70.6333,147.9167,-37.27,99,100,1.55,RU,1675829628
78,winnemucca,40.973,-117.7357,2.89,59,89,1.94,US,1675829629
79,jamestown,42.097,-79.2353,2.79,95,100,4.12,US,1675829496
80,at-bashi,41.1702,75.8106,-11.97,63,43,1.4,KG,1675829630
81,ilulissat,69.2167,-51.1,-26.99,76,75,2.57,GL,1675829630
82,ust-kuyga,70.0167,135.6,-44.66,99,73,2.68,RU,1675829631
83,chuy,-33.6971,-53.4616,20.37,84,14,2.78,UY,1675829631
84,ribeira grande,38.5167,-28.7,12.65,65,45,3.13,PT,1675829632
85,provideniya,64.3833,-173.3,-19.94,71,100,3.0,RU,1675829632
86,pisco,-13.7,-76.2167,23.03,83,0,4.12,PE,1675829633
87,lompoc,34.6391,-120.4579,10.85,87,75,4.47,US,1675829633
88,baykit,61.67,96.37,-13.97,95,100,0.96,RU,1675829633
89,port hardy,50.6996,-127.4199,4.1,93,75,2.57,CA,1675829634
90,adrar,20.5022,-10.0711,13.87,25,93,4.82,MR,1675829634
91,mayna,54.1135,47.6231,-21.27,100,91,1.97,RU,1675829635
92,mount isa,-20.7333,139.5,32.87,49,100,3.6,AU,1675829635
93,mount pleasant,32.7941,-79.8626,14.43,86,100,0.45,US,1675829636
94,gualaquiza,-3.4,-78.55,17.35,98,66,0.32,EC,1675829636
95,carutapera,-1.195,-46.02,24.02,94,100,1.77,BR,1675829379
96,hofn,64.2539,-15.2082,-0.21,61,100,7.24,IS,1675829637
97,coquimbo,-29.9533,-71.3436,17.85,88,100,2.57,CL,1675829515
98,diego de almagro,-26.3667,-70.05,20.41,50,7,0.41,CL,1675829638
99,teguldet,57.3064,88.1667,-12.42,94,100,3.08,RU,1675829638
100,manakara,-22.1333,48.0167,23.43,88,99,1.87,MG,1675829639
101,kaeo,-35.1,173.7833,25.18,63,31,3.77,NZ,1675829639
102,ngunguru,-35.6167,174.5,22.34,58,56,1.11,NZ,1675829639
103,charters towers,-20.1,146.2667,32.84,40,98,4.8,AU,1675829640
104,luanda,-8.8368,13.2343,24.27,81,100,3.21,AO,1675829641
105,outjo,-20.1167,16.15,16.72,70,65,3.47,NA,1675829641
106,belmonte,-15.8631,-38.8828,25.02,79,19,3.5,BR,1675829642
107,saint-philippe,-21.3585,55.7679,27.77,83,84,5.72,RE,1675829642
108,samdari,25.8167,72.5833,22.29,18,0,1.66,IN,1675829643
109,shimanovsk,52.0,127.7,-19.65,78,22,2.41,RU,1675829644
110,edson,53.5835,-116.4356,-0.94,98,100,1.54,CA,1675829646
111,torbay,47.6666,-52.7314,-2.56,87,100,8.94,CA,1675829646
112,ponta do sol,32.6667,-17.1,15.4,72,34,3.58,PT,1675829647
113,kahului,20.8947,-156.47,24.36,82,40,8.23,US,1675829598
114,sokolac,43.9397,18.8017,-9.46,99,80,0.6,BA,1675829648
115,yulara,-25.2406,130.9889,37.87,15,0,4.58,AU,1675829649
116,barrow,71.2906,-156.7887,-18.99,78,100,3.09,US,1675829651
117,iqaluit,63.7506,-68.5145,-27.4,96,100,0.76,CA,1675829651
118,geraldton,-28.7667,114.6,33.23,35,0,3.6,AU,1675829574
119,new norfolk,-42.7826,147.0587,19.39,39,5,0.89,AU,1675829507
120,smithers,54.7804,-127.1743,-10.09,99,79,0.34,CA,1675829653
121,yenagoa,4.9247,6.2642,25.03,88,25,0.73,NG,1675829655
122,bluff,-46.6,168.3333,12.21,67,48,12.35,NZ,1675829655
123,hobart,-42.8794,147.3294,19.59,65,75,5.66,AU,1675829656
124,changping,40.2186,116.2197,4.8,31,3,1.4,CN,1675829657
125,fairbanks,64.8378,-147.7164,-14.0,81,100,1.54,US,1675829653
126,lebu,-37.6167,-73.65,14.8,88,0,7.74,CL,1675829659
127,arraial do cabo,-22.9661,-42.0278,23.7,92,100,2.26,BR,1675829365
128,henties bay,-22.116,14.2845,17.81,91,51,2.26,NA,1675829660
129,primero de enero,21.9469,-78.4283,23.25,76,2,6.13,CU,1675829660
130,puerto carreno,6.189,-67.4859,26.47,58,11,2.53,CO,1675829661
131,barra do garcas,-15.89,-52.2567,22.74,87,64,0.53,BR,1675829662
132,anadyr,64.75,177.4833,-31.72,75,0,4.0,RU,1675829663
133,khartoum,15.5518,32.5324,14.45,26,21,0.89,SD,1675829664
134,sur,22.5667,59.5289,24.26,48,58,2.71,OM,1675829655
135,ugoofaaru,5.6667,73.0,27.04,67,22,2.73,MV,1675829665
136,cassilandia,-19.1133,-51.7342,20.84,92,98,0.28,BR,1675829384
137,pitimbu,-7.4706,-34.8086,24.33,76,99,3.76,BR,1675829666
138,sobolevo,54.4299,31.8996,-15.37,99,66,2.05,RU,1675829556
139,rabo de peixe,37.8,-25.5833,11.73,87,75,5.14,PT,1675829667
140,kutum,14.2,24.6667,10.61,34,19,4.25,SD,1675829668
141,dongsheng,39.8161,109.9776,-2.46,41,100,4.59,CN,1675829459
142,mount gambier,-37.8333,140.7667,23.11,45,12,5.48,AU,1675829669
143,sayyan,15.1718,44.3244,10.9,59,24,0.6,YE,1675829670
144,mar del plata,-38.0023,-57.5575,23.38,94,5,7.15,AR,1675829670
145,wad rawah,15.1603,33.1397,16.42,17,39,7.79,SD,1675829671
146,east london,-33.0153,27.9116,20.52,94,100,4.63,ZA,1675829471
147,saint-denis,48.9167,2.3333,0.27,87,0,3.09,FR,1675829673
148,margate,51.3813,1.3862,4.01,68,50,1.18,GB,1675829674
149,victoria,22.2855,114.1577,20.54,83,96,5.81,HK,1675829476
150,stromness,58.965,-3.296,5.49,77,100,9.39,GB,1675829675
151,kinshasa,-4.3246,15.3215,23.18,100,20,3.6,CD,1675829120
152,padang,-0.9492,100.3543,30.03,58,89,1.79,ID,1675829459
153,beira,-19.8436,34.8389,24.41,92,100,1.23,MZ,1675829677
154,zyryanskoye,56.8306,86.6258,-13.42,93,97,3.9,RU,1675829678
155,kangaatsiaq,68.3065,-53.4641,-27.57,89,100,2.25,GL,1675829678
156,shahreza,32.0339,51.8794,3.08,49,0,5.49,IR,1675829679
157,maneadero,31.7167,-116.5667,14.1,39,0,3.1,MX,1675829680
158,doha,25.2867,51.5333,18.99,77,0,9.26,QA,1675829681
159,lac du bonnet,50.2536,-96.0612,-3.74,92,20,3.66,CA,1675829681
160,yining,29.0361,114.5636,10.3,95,100,1.04,CN,1675829681
161,ostrovnoy,68.0531,39.5131,-1.61,79,10,8.9,RU,1675829682
162,kuching,1.55,110.3333,32.23,76,20,1.03,MY,1675829683
163,pen,18.75,73.0833,26.97,29,31,1.3,IN,1675829683
164,komsomolskiy,40.4272,71.7189,1.4,80,90,2.06,UZ,1675829684
165,tuatapere,-46.1333,167.6833,12.59,67,59,7.16,NZ,1675829684
166,tazovskiy,67.4667,78.7,-22.79,98,100,4.24,RU,1675829431
167,fare,-16.7,-151.0167,27.07,69,8,4.18,PF,1675829685
168,misratah,32.3754,15.0925,13.34,65,99,7.13,LY,1675829685
169,husavik,66.0449,-17.3389,-4.83,73,87,7.83,IS,1675829686
170,sakaiminato,35.55,133.2333,9.37,66,53,5.22,JP,1675829686
171,calama,-22.4667,-68.9333,16.27,55,75,2.57,CL,1675829400
172,itoman,26.1247,127.6694,23.21,68,20,7.72,JP,1675829687
173,alvaraes,-3.2208,-64.8042,22.84,99,100,0.16,BR,1675829687
174,bredasdorp,-34.5322,20.0403,18.06,82,6,2.96,ZA,1675829452
175,marsaxlokk,35.8419,14.5431,9.34,81,75,6.69,MT,1675829688
176,brigham city,41.5102,-112.0155,-1.99,87,0,3.13,US,1675829502
177,praia da vitoria,38.7333,-27.0667,12.64,77,93,5.44,PT,1675829689
178,avera,33.194,-82.5271,7.73,61,53,2.27,US,1675829690
179,narsaq,60.9167,-46.05,-20.88,66,16,4.1,GL,1675829575
180,nemuro,43.3236,145.575,-3.24,57,25,1.34,JP,1675829441
181,baherden,38.4362,57.4316,10.41,54,91,2.98,TM,1675829692
182,cabedelo,-6.9811,-34.8339,24.37,77,99,3.83,BR,1675829458
183,hamilton,39.1834,-84.5333,10.6,90,100,2.57,US,1675829192
184,itarema,-2.9248,-39.9167,25.16,82,100,3.81,BR,1675829693
185,panzhihua,26.5851,101.7128,18.57,32,0,0.23,CN,1675829694
186,urucui,-7.2294,-44.5561,23.1,92,98,0.5,BR,1675829694
187,oktyabrskiy,54.4815,53.471,-22.52,100,90,0.59,RU,1675829695
188,souillac,-20.5167,57.5167,27.21,78,40,5.14,MU,1675829695
189,khatanga,71.9667,102.5,-43.9,100,63,1.4,RU,1675829696
190,uvalde,29.3669,-99.767,13.55,81,100,4.63,US,1675829697
191,ninghai,29.2892,121.4247,8.76,76,100,1.03,CN,1675829697
192,iskateley,67.6803,53.1512,0.58,83,88,10.31,RU,1675829698
193,skibbereen,51.55,-9.2667,8.95,88,91,3.99,IE,1675829699
194,biak,-0.9131,122.8766,25.62,79,100,3.16,ID,1675829700
195,ornskoldsvik,63.2909,18.7153,-3.47,100,91,1.03,SE,1675829700
196,ous,60.9058,61.5186,-13.28,87,99,3.73,RU,1675829701
197,fort nelson,58.8053,-122.7002,-13.91,97,20,1.54,CA,1675829709
198,rindal,63.0565,9.2124,-1.31,78,99,3.29,NO,1675829711
199,boguchany,58.3814,97.4531,-9.17,93,100,1.82,RU,1675829713
200,zhangye,38.9342,100.4517,0.06,45,100,1.72,CN,1675829714
201,mayo,38.8876,-76.5119,10.49,83,0,2.57,US,1675829714
202,talnakh,69.4865,88.3972,-23.53,98,97,3.09,RU,1675829443
203,kodiak,57.79,-152.4072,-5.27,63,0,7.72,US,1675829717
204,ondjiva,-17.0667,15.7333,21.32,33,100,3.2,AO,1675829483
205,bayir,37.2687,28.2167,-0.71,73,8,4.78,TR,1675829718
206,nikolayevka,53.1257,47.2041,-19.73,100,69,1.91,RU,1675829719
207,dotnuva,55.35,23.9,-0.88,94,72,3.12,LT,1675829720
208,nieuw nickerie,5.95,-56.9833,24.63,85,90,4.95,SR,1675829721
209,fayaoue,-20.65,166.5333,25.25,85,100,8.15,NC,1675829722
210,san luis,-33.295,-66.3356,26.15,30,0,4.42,AR,1675829504
211,saskylakh,71.9167,114.0833,-33.95,100,100,0.53,RU,1675829723
212,ledyard,41.4398,-72.0142,4.51,90,100,4.63,US,1675829724
213,castro,-24.7911,-50.0119,16.06,96,53,2.2,BR,1675829725
214,salalah,17.0151,54.0924,21.05,56,0,1.03,OM,1675829726
215,college,64.8569,-147.8028,-14.01,82,75,1.54,US,1675829728
216,mahesana,23.6,72.4,23.65,15,0,2.86,IN,1675829729
217,aksu,41.1231,80.2644,-1.52,55,10,1.91,CN,1675829730
218,tuktoyaktuk,69.4541,-133.0374,-28.88,95,100,1.95,CA,1675829730
219,sola,-13.8833,167.55,27.88,77,97,6.02,VU,1675829731
220,georgetown,5.4112,100.3354,29.96,66,20,4.12,MY,1675829713
221,yuma,32.7253,-114.6244,13.43,32,0,1.54,US,1675829683
222,peniche,39.3558,-9.3811,7.38,82,3,5.61,PT,1675829734
223,am timan,11.0297,20.2827,22.07,19,15,3.53,TD,1675829731
224,nouadhibou,20.931,-17.0347,16.0,69,0,9.6,MR,1675829693
225,mujiayingzi,42.1167,118.7833,-1.58,18,17,3.06,CN,1675829736
226,thul,28.2403,68.7759,20.05,24,3,4.14,PK,1675829736
227,kalabo,-14.97,22.6814,17.52,98,100,2.32,ZM,1675829740
228,aitape,-3.1374,142.3475,25.38,93,100,4.62,PG,1675829740
229,dauriya,49.9333,116.8667,-17.55,92,57,1.64,RU,1675829742
230,bengkulu,-3.8004,102.2655,29.4,55,74,3.85,ID,1675829743
231,tashtyp,52.7939,89.8983,-7.15,92,92,0.58,RU,1675829744
232,hami,42.8,93.45,1.37,77,100,2.26,CN,1675829745
233,brae,60.3964,-1.353,6.8,73,100,13.47,GB,1675829566
234,san patricio,28.017,-97.5169,22.16,88,93,5.26,US,1675829746
235,norman wells,65.282,-126.8329,-19.95,97,94,0.67,CA,1675829746
236,rawson,-43.3002,-65.1023,18.26,59,1,2.11,AR,1675829461
237,caravelas,-17.7125,-39.2481,24.59,84,28,2.86,BR,1675829747
238,korla,41.7597,86.1469,0.52,77,13,1.83,CN,1675829748
239,mtwara,-10.2667,40.1833,26.13,84,100,3.75,TZ,1675829748
240,hit,33.6416,42.8251,8.01,55,29,3.68,IQ,1675829749
241,mazagao,-0.115,-51.2894,24.03,97,99,1.51,BR,1675829750
242,taurage,55.2522,22.2897,-0.71,92,100,2.89,LT,1675829750
243,yar-sale,66.8333,70.8333,-13.67,84,100,10.34,RU,1675829751
244,kavieng,-2.5744,150.7967,27.64,78,100,4.11,PG,1675829751
245,svetlogorsk,52.6333,29.7333,-12.43,97,61,1.11,BY,1675829752
246,urengoy,65.9667,78.3667,-25.25,100,100,3.26,RU,1675829753
247,raudeberg,61.9875,5.1352,7.2,74,92,15.67,NO,1675829754
248,petersburg,37.2279,-77.4019,11.92,72,99,3.57,US,1675829755
249,tasiilaq,65.6145,-37.6368,-17.91,42,0,9.77,GL,1675829755
250,barber,12.2833,-69.0667,25.7,77,10,9.79,CW,1675829756
251,dawei,14.0833,98.2,31.62,38,4,2.45,MM,1675829756
252,laguna,38.421,-121.4238,11.09,77,0,0.0,US,1675829754
253,portland,45.5234,-122.6762,7.66,88,0,2.68,US,1675829192
254,bilma,18.6853,12.9164,18.39,23,100,3.61,NE,1675829758
255,qandala,11.472,49.8728,24.31,77,64,1.38,SO,1675829758
256,ust-maya,60.4167,134.5333,-32.1,90,100,0.19,RU,1675829759
257,penzance,50.1186,-5.5371,1.38,73,1,6.09,GB,1675829759
258,maragogi,-9.0122,-35.2225,24.5,73,98,1.9,BR,1675829666
259,platanos,37.6667,21.6167,4.49,63,61,2.34,GR,1675829760
260,cherskiy,68.75,161.3,-32.86,95,100,2.49,RU,1675829761
261,saldanha,-33.0117,17.9442,17.47,89,0,4.65,ZA,1675829500
262,nishihara,26.1842,127.7558,22.81,68,20,7.72,JP,1675829763
263,giyani,-23.3025,30.7187,21.64,88,52,1.68,ZA,1675829765
264,fonte boa,-2.4959,-66.2662,22.76,99,92,1.07,BR,1675829765
265,werota,11.9167,37.7,16.42,36,2,2.53,ET,1675829766
266,deputatskiy,69.3,139.9,-41.27,98,51,1.56,RU,1675829767
267,monrovia,6.3005,-10.7969,23.87,90,98,2.31,LR,1675829769
268,tshela,-4.9833,12.9333,22.82,98,99,0.73,CD,1675829770
269,havoysund,70.9963,24.6622,1.13,61,44,11.31,NO,1675829772
270,bemidji,47.4736,-94.8803,-1.13,83,0,3.09,US,1675829773
271,bam,29.106,58.357,16.35,47,34,2.86,IR,1675829775
272,tyrma,50.0833,132.1667,-19.8,68,11,2.18,RU,1675829777
273,villazon,-22.0866,-65.5942,9.27,71,93,3.69,BO,1675829778
274,aklavik,68.2191,-135.0107,-28.96,96,100,3.53,CA,1675829713
275,capao bonito,-24.0058,-48.3494,17.4,99,64,1.33,BR,1675829690
276,krasnoselkup,65.7,82.4667,-32.15,100,99,1.77,RU,1675829779
277,myitkyina,25.3833,97.4,24.16,32,0,0.37,MM,1675829780
278,viedma,-40.8135,-62.9967,19.19,62,34,3.84,AR,1675829781
279,bethal,-26.4579,29.4655,16.42,86,84,3.16,ZA,1675829782
280,severo-kurilsk,50.6789,156.125,-4.35,70,20,4.12,RU,1675829538
281,senno,59.5336,33.9167,-3.74,91,100,4.59,RU,1675829785
282,whitley bay,55.0397,-1.4471,6.44,92,75,2.57,GB,1675829785
283,puerto vallarta,20.6204,-105.2307,21.62,83,0,0.0,MX,1675829786
284,haapiti,-17.5667,-149.8667,27.85,64,1,1.92,PF,1675829787
285,salinopolis,-0.6136,-47.3561,25.54,86,100,3.8,BR,1675829788
286,bahia honda,22.9036,-83.1592,23.01,77,0,6.39,CU,1675829789
287,port-gentil,-0.7193,8.7815,27.04,80,94,4.27,GA,1675829790
288,san jeronimo,-11.9472,-75.2829,9.8,78,81,1.5,PE,1675829791
289,plettenberg bay,-34.0527,23.3716,19.09,84,100,2.68,ZA,1675829792
290,tevriz,57.509,72.4042,-26.25,100,46,1.36,RU,1675829793
291,ixtapa,20.7,-105.2,21.24,83,0,0.0,MX,1675829794
292,sadovoye,47.7764,44.5089,-9.24,85,87,9.54,RU,1675829795
293,nabire,-3.3667,135.4833,27.57,72,100,1.24,ID,1675829517
294,hazorasp,41.3194,61.0742,1.91,64,100,5.78,UZ,1675829797
295,tilichiki,60.4667,166.1,-28.49,90,63,4.3,RU,1675829797
296,fort morgan,40.2503,-103.8,-3.32,93,0,0.0,US,1675829644
297,braganca,-1.0536,-46.7656,23.7,96,100,0.45,BR,1675829799
298,ulety,51.3572,112.4849,-10.15,73,66,1.65,RU,1675829799
299,cantagallo,7.376,-73.9196,25.78,69,36,0.85,CO,1675829801
300,linares,-35.85,-71.6,18.45,32,0,1.63,CL,1675829802
301,ulagan,50.6321,87.9563,-13.92,83,100,0.85,RU,1675829803
302,parfenyevo,58.484,43.4088,-9.55,93,100,3.73,RU,1675829803
303,vila,42.0304,-8.1588,3.49,80,72,3.66,PT,1675829804
304,mitsamiouli,-11.3847,43.2844,27.34,78,100,4.58,KM,1675829804
305,atar,20.5169,-13.0499,14.64,29,14,4.92,MR,1675829699
306,ahipara,-35.1667,173.1667,21.85,59,22,4.04,NZ,1675829805
307,mahajanga,-15.7167,46.3167,26.01,89,20,1.54,MG,1675829806
308,kedrovyy,56.1667,91.8167,-12.77,94,100,2.62,RU,1675829807
309,kosh-agach,50.0,88.6667,-20.14,89,100,0.42,RU,1675829807
310,yurginskoye,56.8189,67.3921,-25.64,100,100,1.11,RU,1675829808
311,taunggyi,20.7833,97.0333,21.61,20,0,1.33,MM,1675829808
312,sibu,2.3,111.8167,30.17,74,40,1.03,MY,1675829809
313,lorengau,-2.0226,147.2712,25.99,91,100,9.71,PG,1675829809
314,shingu,33.7333,135.9833,15.12,35,4,3.93,JP,1675829810
315,zhangjiakou,40.81,114.8794,-1.46,36,32,0.51,CN,1675829811
316,nanortalik,60.1432,-45.2371,-15.45,75,11,7.06,GL,1675829793
317,salsomaggiore terme,44.8148,9.9796,-2.51,68,1,0.55,IT,1675829812
318,severnoye,56.3491,78.3619,-19.6,99,92,1.96,RU,1675829813
319,manggar,-2.8833,108.2667,29.0,69,100,2.53,ID,1675829814
320,chokwe,-24.5333,32.9833,22.63,96,70,0.74,MZ,1675829815
321,bloemhof,-27.6469,25.607,18.55,82,100,2.84,ZA,1675829815
322,moron,-34.6534,-58.6198,28.32,62,0,3.78,AR,1675829805
323,isangel,-19.55,169.2667,27.5,76,94,1.18,VU,1675829755
324,swindon,51.558,-1.7812,0.2,90,3,1.64,GB,1675829816
325,bereda,43.2686,-7.5406,-2.14,98,29,0.67,ES,1675829817
326,pierre,44.3683,-100.351,3.49,77,0,3.6,US,1675829818
327,nieuw amsterdam,5.8833,-55.0833,24.45,89,66,3.95,SR,1675829818
328,dong xoai,11.5333,106.9167,33.0,41,41,2.58,VN,1675829819
329,vila franca do campo,37.7167,-25.4333,12.23,77,88,4.54,PT,1675829641
330,carnarvon,-24.8667,113.6333,30.36,49,3,6.56,AU,1675829820
331,makat,47.6469,53.3463,-7.3,79,97,8.38,KZ,1675829820
332,nybro,56.7446,15.9071,1.8,95,100,3.21,SE,1675829822
333,broken hill,-31.95,141.4333,31.46,14,0,5.33,AU,1675829539
334,san carlos,9.6612,-68.5827,24.33,74,89,1.62,VE,1675829823
335,puerto lempira,15.2667,-83.7667,23.26,88,52,3.52,HN,1675829824
336,aksarka,66.5606,67.7975,-13.82,93,100,9.25,RU,1675829825
337,pingzhuang,42.0372,119.2889,-0.51,16,4,2.9,CN,1675829826
338,pimentel,-6.8367,-79.9342,24.16,78,0,6.17,PE,1675829827
339,capitao poco,-1.7464,-47.0594,22.27,98,100,1.13,BR,1675829683
340,darnah,32.767,22.6367,10.61,78,93,4.45,LY,1675829829
341,lulea,65.5842,22.1547,-1.96,86,71,3.6,SE,1675829831
342,waipawa,-41.4122,175.5153,19.24,61,17,1.27,NZ,1675829832
343,port lincoln,-34.7333,135.8667,24.39,53,33,4.11,AU,1675829740
344,waitati,-45.75,170.5667,17.09,44,78,6.82,NZ,1675829834
345,jibuti,11.5,42.5,19.47,82,13,3.49,DJ,1675829834
346,kitui,-1.367,38.0106,16.02,78,15,0.31,KE,1675829835
347,ballina,-28.8667,153.5667,28.34,65,91,4.45,AU,1675829837
348,limoeiro de anadia,-9.7406,-36.5028,22.3,87,95,1.81,BR,1675829839
349,pacifica,37.6138,-122.4869,12.28,77,20,2.06,US,1675829594
350,pangnirtung,66.1451,-65.7125,-33.91,84,5,2.44,CA,1675829840
351,gizo,-8.103,156.8419,28.99,74,100,5.48,SB,1675829841
352,natal,-5.795,-35.2094,23.36,78,20,2.57,BR,1675829814
353,petatlan,17.5167,-101.2667,21.98,78,0,1.48,MX,1675829844
354,hambantota,6.1241,81.1185,28.04,68,89,7.43,LK,1675829844
355,lethem,3.3803,-59.7968,24.97,75,41,4.92,GY,1675829845
356,vazante,-17.9869,-46.9078,20.76,82,73,1.91,BR,1675829747
357,hualmay,-11.0964,-77.6139,22.39,86,26,2.44,PE,1675829846
358,cotoca,-17.8167,-63.05,23.92,97,95,2.02,BO,1675829847
359,bathsheba,13.2167,-59.5167,25.34,83,40,5.66,BB,1675829848
360,zambezi,-13.5432,23.1047,16.58,98,100,2.25,ZM,1675829849
361,metro,-5.1131,105.3067,29.58,68,89,2.49,ID,1675829850
362,morros,-9.4467,-46.3003,22.39,84,83,1.47,BR,1675829851
363,jalu,29.0331,21.5482,8.74,61,81,2.77,LY,1675829595
364,syumsi,57.1111,51.6149,-16.12,99,100,2.52,RU,1675829852
365,necochea,-38.5473,-58.7368,22.25,77,14,6.01,AR,1675829853
366,pevek,69.7008,170.3133,-30.35,97,100,1.64,RU,1675829854
367,limoeiro do ajuru,-1.8953,-49.3806,24.03,93,100,1.98,BR,1675829855
368,coihaique,-45.5752,-72.0662,16.34,72,0,1.54,CL,1675829855
369,dicabisagan,17.0818,122.4157,24.87,84,95,4.28,PH,1675829856
370,narasannapeta,18.4167,84.05,25.92,59,4,2.74,IN,1675829857
371,ankazobe,-18.3167,47.1167,17.32,87,96,3.14,MG,1675829839
372,nushki,29.5542,66.0215,16.35,32,100,3.32,PK,1675829859
373,sete lagoas,-19.4658,-44.2467,20.49,89,100,0.95,BR,1675829860
374,chabahar,25.2919,60.643,22.55,64,13,0.84,IR,1675829861
375,pokrovskoye,47.4157,38.8971,-6.12,66,49,8.28,RU,1675829862
376,bonoua,5.2741,-3.595,23.79,86,77,1.59,CI,1675829862
377,seminole,28.7086,-81.2081,17.99,88,0,2.06,US,1675829863
378,tambura,5.6,27.4667,19.73,20,6,2.32,SS,1675829864
379,balkanabat,39.5108,54.3671,8.02,72,100,4.8,TM,1675829864
380,nakhon si thammarat,8.25,100.0,32.0,65,68,3.67,TH,1675829865
381,berdigestyakh,62.0989,126.6992,-32.88,95,100,1.03,RU,1675829865
382,bubaque,11.2833,-15.8333,24.01,63,5,5.73,GW,1675829866
383,berlevag,70.8578,29.0864,1.0,60,44,10.29,NO,1675829866
384,batagay,67.6333,134.6333,-42.37,94,54,0.64,RU,1675829867
385,kenai,60.5544,-151.2583,-2.7,82,100,8.75,US,1675829622
386,vilani,56.5525,26.9245,-6.49,94,99,4.27,LV,1675829867
387,terre haute,39.4667,-87.4139,4.15,86,0,2.06,US,1675829596
388,kloulklubed,7.0419,134.2556,29.28,76,100,8.22,PW,1675829868
389,airai,-8.9266,125.4092,20.94,80,82,1.58,TL,1675829869
390,guerrero negro,27.9769,-114.0611,16.17,35,0,3.14,MX,1675829869
391,labuhan,-6.8844,112.2051,25.55,87,100,2.96,ID,1675829870
392,leningradskiy,69.3833,178.4167,-31.97,95,100,2.13,RU,1675829870
393,zhigansk,66.7697,123.3711,-42.73,97,100,2.98,RU,1675829744
394,praya,14.9215,-23.5087,19.3,63,75,8.23,CV,1675829871
395,chico,39.7285,-121.8375,9.82,87,0,1.43,US,1675829584
396,dharchula,29.85,80.5333,16.1,17,0,0.63,IN,1675829844
397,ust-nera,64.5667,143.2,-34.81,95,82,0.51,RU,1675829872
398,saint anthony,45.0205,-93.218,-1.04,79,0,3.09,US,1675829741
399,mucurapo,10.6667,-61.5333,23.96,88,12,3.78,TT,1675829873
400,villa literno,41.0099,14.0805,6.6,82,40,1.54,IT,1675829873
401,maniitsoq,65.4167,-52.9,-17.29,92,100,4.96,GL,1675829874
402,prince george,53.9166,-122.753,0.7,94,100,2.57,CA,1675829875
403,palu,-0.8917,119.8707,24.81,93,100,0.33,ID,1675829875
404,takoradi,4.8845,-1.7554,25.32,87,98,2.13,GH,1675829743
405,tome,-36.6167,-72.95,15.34,68,0,1.95,CL,1675829876
406,fereydunshahr,32.941,50.121,-14.13,98,60,2.58,IR,1675829876
407,tezu,27.9167,96.1667,21.6,42,99,1.48,IN,1675829877
408,khani,41.9563,42.9566,-2.24,97,100,1.06,GE,1675829877
409,haines junction,60.7522,-137.5108,-4.03,80,35,1.54,CA,1675829878
410,severnyy,50.677,36.5532,-12.98,84,0,3.13,RU,1675829879
411,port-cartier,50.0334,-66.8654,-5.18,88,100,1.85,CA,1675829879
412,kondinskoye,59.6481,67.41,-24.79,100,100,2.66,RU,1675829880
413,cananeia,-25.0147,-47.9267,23.23,89,31,1.23,BR,1675829880
414,galle,6.0367,80.217,25.81,84,94,0.84,LK,1675829881
415,seoul,37.5683,126.9778,7.66,28,0,2.96,KR,1675829616
416,atherton,53.5237,-2.4935,4.94,89,55,1.34,GB,1675829882
417,erzin,36.9559,36.2,0.7,57,94,2.21,TR,1675829883
418,isla mujeres,21.2311,-86.731,26.03,83,0,7.5,MX,1675829884
419,nouakchott,18.0858,-15.9785,16.96,32,94,6.49,MR,1675829885
420,port blair,11.6667,92.75,29.02,61,40,4.12,IN,1675829885
421,progreso,21.2833,-89.6667,24.06,72,3,6.4,MX,1675829886
422,araouane,18.9048,-3.5265,18.3,20,1,5.4,ML,1675829887
423,muros,42.7762,-9.0603,5.05,81,28,6.9,ES,1675829887
424,shenjiamen,29.9576,122.298,9.82,76,94,5.37,CN,1675829639
425,saint-pierre,-21.3393,55.4781,27.82,69,0,10.8,RE,1675829889
426,curup,-3.4667,102.5333,28.95,39,85,1.86,ID,1675829890
427,sao filipe,14.8961,-24.4956,20.04,69,25,4.6,CV,1675829891
428,melfi,40.9965,15.6514,-3.34,81,76,0.57,IT,1675829892
429,poum,-20.2333,164.0167,26.94,84,100,8.94,NC,1675829893
430,batemans bay,-35.7167,150.1833,21.17,82,100,0.84,AU,1675829894
431,broome,42.2506,-75.833,3.81,82,75,4.63,US,1675829880
432,thai binh,20.45,106.3333,21.35,88,100,4.99,VN,1675829896
433,sitka,57.0531,-135.33,1.94,80,75,0.0,US,1675829897
434,kupang,-10.1667,123.5833,31.32,79,40,5.14,ID,1675829898
435,magadan,59.5667,150.8,-23.04,76,33,2.93,RU,1675829813
436,flin flon,54.7682,-101.865,-7.05,92,13,2.87,CA,1675829606
437,beringovskiy,63.05,179.3167,-28.98,95,69,3.45,RU,1675829695
438,egvekinot,66.3167,-179.1667,-30.3,88,89,3.88,RU,1675829899
439,harindanga,22.0383,88.3214,26.86,50,0,5.26,IN,1675829900
440,anaconda,46.1285,-112.9423,-0.45,88,82,3.25,US,1675829901
441,khandyga,62.6667,135.6,-37.17,94,98,0.34,RU,1675829901
442,minbu,20.1833,94.8833,25.37,30,2,2.81,MM,1675829902
443,tabuk,17.4189,121.4443,27.26,75,74,1.35,PH,1675829903
444,sladkovo,55.5284,70.3385,-24.69,100,93,2.37,RU,1675829904
445,erenhot,43.6475,111.9767,-6.27,47,100,1.46,CN,1675829905
446,bilibino,68.0546,166.4372,-37.13,100,100,0.97,RU,1675829685
447,hunchun,42.8675,130.3581,-2.54,42,11,5.64,CN,1675829907
448,hobyo,5.3505,48.5268,25.41,67,95,6.75,SO,1675829907
449,pangody,65.85,74.4859,-19.93,94,86,5.88,RU,1675829908
450,bom jesus,-9.0744,-44.3586,22.03,80,84,0.63,BR,1675829752
451,yuzhno-kurilsk,44.0306,145.8556,-3.06,61,57,2.14,RU,1675829909
452,sibiti,-3.6819,13.3499,20.53,97,100,1.08,CG,1675829910
453,grand-santi,4.25,-54.3833,21.63,100,43,1.03,GF,1675829911
454,marawi,7.9986,124.2928,26.21,57,74,3.21,PH,1675829761
455,sovetskiy,61.3614,63.5842,-18.13,96,100,3.22,RU,1675829912
456,ilebo,-4.3167,20.5833,21.31,96,100,0.93,CD,1675829914
457,jennings,38.7192,-90.2604,8.34,72,100,2.57,US,1675829915
458,tigil,57.8,158.6667,-20.37,92,100,4.43,RU,1675829916
459,asosa,10.0667,34.5333,16.79,40,5,2.7,ET,1675829916
460,backa palanka,45.2508,19.3919,-2.25,61,94,2.3,RS,1675829917
461,vila velha,-20.3297,-40.2925,25.53,89,40,0.0,BR,1675829918
462,krasnyy yar,46.5331,48.3456,-6.04,90,100,9.12,RU,1675829919
463,asfi,32.2994,-9.2372,13.22,80,14,5.26,MA,1675829919
464,te anau,-45.4167,167.7167,13.44,50,43,4.9,NZ,1675829920
465,tiksi,71.6872,128.8694,-37.26,99,98,2.7,RU,1675829920
466,oussouye,12.485,-16.5469,20.05,45,67,3.75,SN,1675829921
467,rio grande,-32.035,-52.0986,23.34,72,0,6.68,BR,1675829922
468,huarmey,-10.0681,-78.1522,22.42,82,8,2.38,PE,1675829922
469,cooma,-36.2333,149.1333,24.2,43,48,5.76,AU,1675829923
470,nador,35.174,-2.9287,9.14,93,75,0.51,MA,1675829923
471,mawlaik,23.6333,94.4167,26.94,27,0,0.27,MM,1675829924
472,xuddur,4.1213,43.8894,20.39,78,2,6.84,SO,1675829925
473,bahia blanca,-38.7196,-62.2724,24.31,67,1,5.16,AR,1675829651
474,road town,18.4167,-64.6167,24.05,74,14,8.76,VG,1675829925
475,mariakani,-3.8633,39.4736,24.05,89,80,1.39,KE,1675829926
476,rusape,-18.5278,32.1284,15.79,85,99,1.92,ZW,1675829926
477,shebunino,46.4339,141.8603,-5.48,57,99,6.37,RU,1675829927
478,kudahuvadhoo,2.6708,72.8944,26.93,71,22,2.86,MV,1675829928
479,kavaratti,10.5669,72.642,26.69,71,93,5.59,IN,1675829928
480,lumajang,-8.1335,113.2248,25.94,84,100,1.98,ID,1675829929
481,gainesville,29.6516,-82.3248,16.71,69,0,2.06,US,1675829760
482,port macquarie,-31.4333,152.9167,25.1,59,66,4.18,AU,1675829930
483,thunder bay,48.4001,-89.3168,-12.05,79,20,1.54,CA,1675829921
484,vestmannaeyjar,63.4427,-20.2734,-0.27,65,100,16.07,IS,1675829647
485,formosa,-26.1775,-58.1781,28.99,51,8,3.6,AR,1675829931
486,ambon,-3.6954,128.1814,32.08,58,20,5.66,ID,1675829932
487,dong hoi,17.4833,106.6,24.84,84,60,1.84,VN,1675829932
488,vintileasca,45.6,26.7333,-8.81,85,57,4.02,RO,1675829933
489,sisimiut,66.9395,-53.6735,-25.52,96,97,3.51,GL,1675829933
490,srednekolymsk,67.45,153.6833,-32.4,96,100,2.4,RU,1675829934
491,samarai,-10.6167,150.6667,27.94,79,100,7.35,PG,1675829934
492,laem sing,12.4816,102.0738,32.25,100,70,1.51,TH,1675829935
493,lata,40.1629,-8.3327,5.12,85,37,3.02,PT,1675829935
494,san juan,-31.5375,-68.5364,32.35,24,51,6.24,AR,1675829936
495,jumla,29.2747,82.1838,9.22,19,0,1.8,NP,1675829936
496,lamu,-2.2717,40.902,25.12,90,43,4.07,KE,1675829937
497,kapit,2.0167,112.9333,33.06,51,81,0.26,MY,1675829937
498,alice springs,-23.7,133.8833,34.75,29,40,5.66,AU,1675829806
499,sangar,63.9242,127.4739,-37.04,93,100,1.29,RU,1675829938
500,buin,-33.7333,-70.75,25.41,55,0,0.53,CL,1675829938
501,cockburn town,21.4612,-71.1419,25.48,74,1,10.41,TC,1675829870
502,windhoek,-22.5594,17.0832,17.46,90,25,1.34,NA,1675829939
503,maxixe,-23.8597,35.3472,25.07,89,6,2.29,MZ,1675829940
504,rudsar,37.1376,50.288,8.99,89,91,2.97,IR,1675829940
505,grigoropolisskaya,45.2972,41.0567,-6.72,95,100,5.52,RU,1675829941
506,manta,-0.95,-80.7333,26.88,74,75,2.57,EC,1675829890
507,meulaboh,4.1363,96.1285,28.73,65,69,0.52,ID,1675829942
508,pyay,18.8167,95.2167,27.7,25,23,2.27,MM,1675829943
509,awjilah,29.1081,21.2869,8.84,61,76,2.71,LY,1675829944
510,paramonga,-10.6667,-77.8333,22.71,83,33,2.42,PE,1675829945
511,pirgos,35.1167,25.7178,5.9,74,63,10.23,GR,1675829947
512,manzanillo,20.3433,-77.1167,22.69,80,0,6.74,CU,1675829948
513,camacha,33.0833,-16.3333,11.68,82,40,2.57,PT,1675829949
514,hay river,60.8156,-115.7999,-21.01,84,75,2.06,CA,1675829950
515,verkhnevilyuysk,63.4453,120.3167,-34.09,95,100,0.2,RU,1675829951
516,acarau,-2.8856,-40.12,25.25,83,100,3.77,BR,1675829756
517,kabalo,-6.05,26.9167,19.61,97,100,2.49,CD,1675829952
518,ancud,-41.8697,-73.8203,12.96,95,2,1.9,CL,1675829952
519,dunedin,-45.8742,170.5036,16.06,48,63,7.89,NZ,1675829953
520,chengde,40.9725,117.9361,0.32,27,7,2.28,CN,1675829954
521,northam,51.0333,-4.2167,2.56,90,0,3.11,GB,1675829955
522,genhe,50.7833,121.5167,-15.46,82,89,1.59,CN,1675829955
523,lazarev,52.225,141.5131,-22.7,90,100,7.39,RU,1675829956
524,miri,4.4148,114.0089,32.08,62,40,2.57,MY,1675829957
525,abapo,-18.8333,-63.4667,17.79,97,100,1.01,BO,1675829958
526,mehamn,71.0357,27.8492,0.97,64,0,8.23,NO,1675829817
527,menongue,-14.6585,17.691,16.24,81,100,1.43,AO,1675829960
528,payson,40.0444,-111.7321,-0.23,77,75,1.54,US,1675829960
529,znamenskoye,57.1281,73.8282,-25.64,100,47,1.83,RU,1675829960
530,severo-yeniseyskiy,60.3725,93.0408,-12.2,93,100,2.4,RU,1675829962
531,haimen,23.1935,116.6142,21.94,74,24,10.24,CN,1675829962
532,morondava,-20.2833,44.2833,24.94,86,99,2.85,MG,1675829963
533,ardahan,41.1087,42.7022,-17.55,99,98,1.01,TR,1675829963
534,ketou,7.3633,2.5998,24.43,86,95,1.07,BJ,1675829964
535,karasjok,69.4719,25.5112,-3.47,77,59,6.38,NO,1675829965
536,moyale,3.5167,39.0584,19.79,40,0,3.32,KE,1675829965
537,axim,4.8699,-2.2405,25.07,87,100,1.4,GH,1675829966
538,rohtak,28.9,76.5667,16.31,33,0,2.82,IN,1675829928
539,along,28.1667,94.7667,13.66,89,100,0.37,IN,1675829967
540,asau,46.4333,26.4,-5.49,96,98,2.27,RO,1675829968
541,presidencia roque saenz pena,-26.7852,-60.4388,28.01,37,37,2.56,AR,1675829969
542,nakhon thai,17.1006,100.8374,32.92,30,1,2.34,TH,1675829970
543,los llanos de aridane,28.6585,-17.9182,11.86,58,20,2.57,ES,1675829971
544,kuito,-12.3833,16.9333,14.76,78,100,1.63,AO,1675829972
545,flekkefjord,58.2971,6.6607,6.14,99,100,0.87,NO,1675829975
546,jabinyanah,35.035,10.9081,14.89,81,16,4.78,TN,1675829976
547,pemba,-12.974,40.5178,24.69,87,100,3.75,MZ,1675829976
548,marzuq,14.4,46.4667,17.99,46,18,2.39,YE,1675829977
549,taloqan,36.7361,69.5345,8.3,32,73,3.16,AF,1675829978
550,akyab,20.15,92.9,23.89,39,1,1.69,MM,1675829871
551,daru,-9.0763,143.2092,29.71,71,99,4.33,PG,1675829979
552,alice,27.7523,-98.0697,22.09,88,100,7.72,US,1675829979
553,inza,53.8533,46.3586,-20.17,100,100,1.16,RU,1675829980
