City ID,City,Country,Lat,Lng,Temperature,Humidity,Clouds,Wind Speed
3831208,Qaanaaq,GL,77.484,-69.3632,-20.56,66,100,5.39
3471451,Arraial do Cabo,BR,-22.9661,-42.0278,82.26,83,40,10.36
3372472,Vila Franca do Campo,PT,37.7167,-25.4333,55.81,82,64,16.75
877670,Namalenga,TZ,-10.95,39.1,70.63,95,98,2.44
2163355,Hobart,AU,-42.8794,147.3294,57.06,58,100,8.05
2208248,Kaitangata,NZ,-46.2817,169.8464,52.23,76,99,11.41
6201424,Mataura,NZ,-46.1927,168.8643,48.47,93,100,7.67
3388618,São João do Piauí,BR,-8.3581,-42.2467,87.55,48,100,1.5
2120048,Ust-Nera,RU,64.5667,143.2,-39.6,100,99,0.56
2171507,Wollongong,AU,-34.4333,150.8833,68.67,90,98,1.88
2122614,Okha,RU,53.5739,142.9478,-14.37,96,100,4.74
3430863,Mar del Plata,AR,-38.0023,-57.5575,76.64,78,0,14.0
2145554,Ulladulla,AU,-35.35,150.4667,65.1,90,100,6.51
2126123,Chokurdakh,RU,70.6333,147.9167,-34.06,99,100,3.02
1214488,Meulaboh,ID,4.1363,96.1285,75.69,84,100,4.54
5859699,College,US,64.8569,-147.8028,-0.65,71,75,0.0
1502697,Kondinskoye,RU,59.6481,67.41,-13.14,100,92,3.2
5563839,Fortuna,US,40.5982,-124.1573,48.15,91,0,5.01
3874787,Punta Arenas,CL,-53.15,-70.9167,60.53,51,75,17.27
1337605,Mahibadhoo,MV,3.7833,72.9667,80.74,74,15,10.51
4030556,Rikitea,PF,-23.1203,-134.9692,79.07,74,97,12.3
5848280,Kapaa,US,22.0752,-159.319,73.74,91,20,11.5
5122534,Jamestown,US,42.097,-79.2353,47.05,57,40,17.27
3119631,Laguna de Duero,ES,41.5815,-4.7233,40.89,64,0,11.5
295277,Eilat,IL,29.5581,34.9482,58.84,44,40,9.22
1495022,Petukhovo,RU,55.0692,67.9019,6.24,96,100,7.4
3418910,Upernavik,GL,72.7868,-56.1549,-14.06,92,100,5.55
55671,Kismayo,SO,-0.3582,42.5454,76.62,87,15,14.34
2514651,Los Llanos de Aridane,ES,28.6585,-17.9182,58.12,76,75,17.27
5855927,Hilo,US,19.7297,-155.09,70.95,89,100,5.01
5261852,Marinette,US,45.1,-87.6307,39.27,60,100,16.11
5905393,Bonavista,CA,48.6499,-53.1147,22.78,64,100,19.75
5880054,Barrow,US,71.2906,-156.7887,-9.38,70,100,10.36
2644605,Lerwick,GB,60.1545,-1.1494,44.6,73,1,25.17
3372707,Ribeira Grande,PT,38.5167,-28.7,57.6,58,75,19.57
2015306,Tiksi,RU,71.6872,128.8694,-23.85,100,100,3.24
2038067,Chifeng,CN,42.2683,118.9636,17.76,56,0,5.5
1337610,Thinadhoo,MV,0.5333,72.9333,81.57,73,91,9.71
3369157,Cape Town,ZA,-33.9258,18.4232,69.51,77,20,18.41
2022572,Khatanga,RU,71.9667,102.5,-46.97,100,75,1.32
2075265,Busselton,AU,-33.65,115.3333,60.21,94,7,9.75
3366880,Hermanus,ZA,-34.4187,19.2345,69.8,75,100,14.29
2122104,Petropavlovsk-Kamchatskiy,RU,53.0452,158.6483,-7.01,77,0,4.47
1650434,Bambanglipuro,ID,-7.95,110.2833,74.44,94,100,3.91
2729907,Longyearbyen,SJ,78.2186,15.6401,22.84,80,75,42.57
3421765,Nanortalik,GL,60.1432,-45.2371,9.16,64,41,26.73
1623197,Tual,ID,-5.6667,132.75,82.36,74,100,20.18
1735106,George Town,MY,5.4112,100.3354,75.67,88,98,7.99
2013727,Vanavara,RU,60.34,102.2797,-12.51,100,100,2.35
481548,Troitsko-Pechorsk,RU,62.7084,56.1964,6.4,97,100,7.45
3694112,Paita,PE,-5.0892,-81.1144,82.47,62,6,15.61
577548,Belyy Gorodok,RU,56.965,37.5125,9.3,97,65,5.1
1847947,Shingū,JP,33.7333,135.9833,44.67,84,0,6.26
6165406,Thompson,CA,55.7435,-97.8558,-3.84,71,40,4.61
2181625,Te Anau,NZ,-45.4167,167.7167,48.31,84,28,5.37
3374333,Praia,CV,14.9215,-23.5087,72.14,56,40,25.32
3899695,Ancud,CL,-41.8697,-73.8203,64.31,72,19,9.37
2094027,Kieta,PG,-6.2167,155.6333,79.56,84,100,5.32
3579761,Baillif,GP,16.0202,-61.7463,80.1,66,5,12.15
1264310,Mailāni,IN,28.2833,80.35,57.33,64,0,7.29
3361934,Saldanha,ZA,-33.0117,17.9442,68.05,90,66,21.72
1651810,Airai,TL,-8.9266,125.4092,61.43,94,94,1.14
546105,Nikolskoye,RU,59.7035,30.7861,28.04,90,100,9.51
149027,Uyovu,TZ,-3.2833,31.5258,63.82,90,91,4.52
3893726,Constitución,CL,-35.3333,-72.4167,71.38,53,12,6.69
2110227,Butaritari,KI,3.0707,172.7902,80.87,80,100,23.09
3424607,Tasiilaq,GL,65.6145,-37.6368,1.56,53,2,13.11
5546220,Saint George,US,37.1041,-113.5841,49.89,39,0,5.01
4032243,Vaini,TO,-21.2,-175.2,75.36,100,40,2.3
1489656,Teya,RU,60.3778,92.6267,8.2,97,100,2.33
1510689,Baykit,RU,61.67,96.37,2.7,98,100,1.95
1168700,Ormara,PK,25.2088,64.6357,71.35,67,0,8.52
5847411,Kahului,US,20.8947,-156.47,73.96,82,20,15.99
3833367,Ushuaia,AR,-54.8,-68.3,55.06,44,40,9.22
2178753,Kirakira,SB,-10.4544,161.9205,80.4,88,100,10.47
5106841,Albany,US,42.6001,-73.9662,36.25,41,100,5.01
3892454,Diego de Almagro,CL,-26.3667,-70.05,85.21,28,20,16.67
2033675,Xinmin,CN,41.9908,122.8253,19.31,74,0,7.0
2025256,Chumikan,RU,54.7183,135.315,-24.38,87,24,8.93
3860443,Comodoro Rivadavia,AR,-45.8667,-67.5,75.06,29,0,8.05
3423146,Ilulissat,GL,69.2167,-51.1,-9.38,77,75,6.91
4020109,Atuona,PF,-9.8,-139.0333,78.51,77,14,16.53
3175096,Laas,IT,46.6166,10.7002,31.87,75,2,4.03
5110365,Broome,US,42.2506,-75.833,39.31,63,100,10.0
3652764,Puerto Ayora,EC,-0.7393,-90.3518,81.55,88,22,10.0
964420,Port Elizabeth,ZA,-33.918,25.5701,71.6,88,40,11.5
1163054,Turbat,PK,26.0023,63.044,69.4,34,0,2.01
1040652,Maputo,MZ,-25.9653,32.5892,80.28,78,75,10.36
2409914,Bonthe,SL,7.5264,-12.505,78.58,67,100,10.25
1255584,Suchindram,IN,8.15,77.4833,76.59,69,99,4.36
3932145,Pisco,PE,-13.7,-76.2167,77.05,78,0,10.36
88834,Tūkrah,LY,32.5341,20.5791,53.64,69,100,19.08
1505991,Igarka,RU,67.4667,86.5833,-2.9,99,97,4.03
364027,Wagar,SD,16.1525,36.2032,74.3,54,8,17.16
2122574,Ola,RU,59.5833,151.2833,-21.82,85,78,8.75
5866583,Saint Paul Harbor,US,57.79,-152.4072,27.91,59,0,16.11
3374210,São Filipe,CV,14.8961,-24.4956,69.75,63,1,17.13
2176639,Batemans Bay,AU,-35.7167,150.1833,66.09,92,94,4.41
964432,Port Alfred,ZA,-33.5906,26.891,71.19,90,100,4.0
933995,Souillac,MU,-20.5167,57.5167,80.98,74,75,12.66
3355672,Lüderitz,NA,-26.6481,15.1594,69.89,73,0,24.14
2161515,Kiama,AU,-34.6833,150.8667,66.31,93,96,7.0
1855540,Naze,JP,28.3667,129.4833,59.92,75,94,10.94
935215,Saint-Philippe,RE,-21.3585,55.7679,80.19,85,82,13.98
5851349,Nānākuli,US,21.3906,-158.1547,74.77,78,0,4.61
901766,Namwala,ZM,-15.7504,26.4384,66.18,95,100,3.89
2126199,Cherskiy,RU,68.75,161.3,-31.86,99,100,4.92
286245,Sur,OM,22.5667,59.5289,73.0,65,7,8.79
1045114,Inhambane,MZ,-23.865,35.3833,82.0,88,40,5.99
5983720,Iqaluit,CA,63.7506,-68.5145,-27.31,67,75,6.91
3347719,Luena,AO,-11.7833,19.9167,61.41,98,100,2.77
2090021,Namatanai,PG,-3.6667,152.4333,79.36,80,100,5.12
124647,Bardsīr,IR,29.9227,56.5743,48.92,68,90,27.36
3533462,Acapulco de Juárez,MX,16.8634,-99.8901,84.45,54,0,8.99
203717,Yangambi,CD,0.8102,24.4336,81.64,40,93,3.04
4231997,Avera,US,33.194,-82.5271,67.1,38,100,6.31
4031574,Provideniya,RU,64.3833,-173.3,-16.69,94,57,3.85
2121025,Srednekolymsk,RU,67.45,153.6833,-30.33,98,100,5.35
2070998,Geraldton,AU,-28.7667,114.6,66.61,88,0,8.05
3374083,Bathsheba,BB,13.2167,-59.5167,81.21,69,75,16.11
6185377,Yellowknife,CA,62.456,-114.3525,-3.48,77,100,8.05
2636910,Stirling,GB,56.119,-3.9368,45.45,86,100,6.64
3382160,Cayenne,GF,4.9333,-52.3333,86.04,66,20,16.11
1267433,Kattivākkam,IN,13.2167,80.3167,77.09,71,3,6.49
986717,Kruisfontein,ZA,-34.0033,24.7314,71.89,81,99,3.04
2155415,New Norfolk,AU,-42.7826,147.0587,56.7,94,14,2.35
537238,Ladovskaya Balka,RU,45.6297,41.4023,23.32,95,100,13.11
2630299,Hofn,IS,64.2539,-15.2082,34.36,70,100,20.85
56399,Jamame,SO,0.0722,42.7506,75.69,87,19,11.01
1649150,Bengkulu,ID,-3.8004,102.2655,75.88,85,90,7.02
2067089,Maningrida,AU,-12.0667,134.2667,77.77,86,100,6.91
561698,Gayny,RU,60.3071,54.3241,7.23,97,100,5.5
5443910,Westminster,US,39.8367,-105.0372,44.01,27,20,9.22
3466704,Castro,BR,-24.7911,-50.0119,81.12,44,9,2.59
6089245,Norman Wells,CA,65.282,-126.8329,-11.16,77,75,0.0
1692364,Puro,PH,12.4841,123.3827,75.72,87,100,6.69
1282256,Hithadhoo,MV,-0.6,73.0833,81.7,68,100,8.16
4670234,Alice,US,27.7523,-98.0697,75.72,69,100,16.11
4031637,Lavrentiya,RU,65.5833,-171.0,-14.93,90,100,3.83
6170031,Tuktoyaktuk,CA,69.4541,-133.0374,-29.2,75,100,2.3
487498,Sterlibashevo,RU,53.4376,55.2578,-0.65,100,100,5.17
2961459,Skibbereen,IE,51.55,-9.2667,48.11,85,100,3.06
1180729,Dalbandin,PK,28.8947,64.4101,62.49,22,44,2.59
3137469,Sørland,NO,67.667,12.6934,42.66,80,100,31.63
2347209,Bida,NG,9.0833,6.0167,89.33,13,98,2.64
935214,Saint-Pierre,RE,-21.3393,55.4781,80.28,74,0,5.75
1797117,Rongcheng,CN,30.634,117.8517,47.64,95,100,5.75
4272340,Great Bend,US,38.3645,-98.7648,50.99,45,0,5.75
1058381,Morondava,MG,-20.2833,44.2833,79.72,79,100,4.18
2387890,Bouca,CF,6.5105,18.2733,82.02,13,10,3.83
513898,Otradnoye,RU,59.7775,30.8181,26.64,89,100,9.66
5282297,Bethel,US,41.3712,-73.414,37.56,42,0,11.5
1684803,Tabuk,PH,17.4189,121.4443,70.63,94,15,2.3
2206939,Bluff,NZ,-46.6,168.3333,48.79,61,100,28.19
777682,Skjervøy,NO,70.0311,20.9714,35.6,75,100,42.66
3996472,Mascota,MX,20.5167,-104.7833,81.7,22,96,6.06
1529102,Ürümqi,CN,43.801,87.6005,14.95,93,100,4.47
361058,Alexandria,EG,31.2156,29.9553,55.36,58,40,12.66
1307741,Myitkyina,MM,25.3833,97.4,57.22,59,0,1.48
4388460,Grandview,US,38.8858,-94.533,48.63,44,0,9.22
1485284,Zelenogorskiy,RU,55.0333,87.0,16.68,96,100,5.17
2640006,Portree,GB,57.4129,-6.1942,44.53,79,2,17.96
1713413,Gadung,PH,6.8025,124.02,78.84,71,100,5.75
2028164,Deputatsky,RU,69.3,139.9,-46.7,99,58,4.47
3372964,Lagoa,PT,39.05,-27.9833,55.47,62,100,19.26
3662489,Santa Isabel Rio Negro,BR,-0.4139,-65.0192,84.45,73,99,2.15
2319257,Wamba,NG,8.9333,8.6,81.95,13,84,4.74
4034551,Faanui,PF,-16.4833,-151.75,80.2,76,14,12.19
934322,Mahébourg,MU,-20.4081,57.7,80.89,74,75,12.66
6355222,Yulara,AU,-25.2406,130.9889,79.03,23,0,7.43
2112444,Kamaishi,JP,39.2667,141.8833,35.8,97,100,8.32
1861416,Ishigaki,JP,24.3448,124.1572,68.13,83,100,16.11
2618795,Klaksvík,FO,62.2266,-6.589,45.52,81,100,47.98
2613939,Skagen,DK,57.7209,10.5839,41.11,89,100,19.04
128008,Khalkhāl,IR,37.6189,48.5258,24.57,85,40,3.74
3404558,Cabedelo,BR,-6.9811,-34.8339,86.67,58,78,15.66
2121385,Severo-Kuril'sk,RU,50.6789,156.125,21.33,64,75,13.13
1272610,Dighwāra,IN,25.7333,85.0,66.27,88,0,0.0
1067565,Beloha,MG,-25.1667,45.05,74.52,77,100,9.64
1513491,Yangi Marg`ilon,UZ,40.4272,71.7189,34.52,86,15,2.3
3868210,Vilcún,CL,-38.65,-72.2333,81.34,18,0,8.23
1048364,Chokwé,MZ,-24.5333,32.9833,76.35,83,24,7.76
1651103,Atambua,ID,-9.1061,124.8925,74.21,87,99,0.67
1528998,Yumen,CN,40.2833,97.2,28.33,52,100,9.98
4035715,Avarua,CK,-21.2078,-159.775,78.85,89,75,12.66
1006984,East London,ZA,-33.0153,27.9116,72.54,94,0,9.22
2171099,Codrington,AU,-38.2667,141.9667,53.94,88,100,8.39
3445026,Vila Velha,BR,-20.3297,-40.2925,84.94,75,20,16.11
5557293,Sitka,US,57.0531,-135.33,33.69,80,40,0.0
1606386,Sattahip,TH,12.6664,100.9007,80.69,83,20,4.61
2109528,Buala,SB,-8.145,159.5921,79.61,88,100,8.88
1586443,Ca Mau,VN,9.1769,105.15,73.69,90,1,4.45
1255619,Srīvardhan,IN,18.0333,73.0167,71.8,64,72,6.53
1504380,Kargat,RU,55.1956,80.2811,-4.47,100,92,6.38
3443061,Chui,UY,-33.6971,-53.4616,84.18,47,0,12.93
2189343,Kaeo,NZ,-35.1,173.7833,56.32,94,100,2.73
3466723,Castelo,BR,-20.6036,-41.1847,81.61,89,100,1.12
2654728,Bridlington,GB,54.0831,-0.1919,43.79,87,100,7.56
2017155,Saskylakh,RU,71.9167,114.0833,-28.79,99,99,2.19
217745,Bumba,CD,2.1833,22.4667,84.9,29,98,2.26
5364271,Laguna,US,38.421,-121.4238,53.49,67,0,6.91
564593,Dubovskoye,RU,47.4092,42.7575,21.02,78,100,20.89
2139521,Noumea,NC,-22.2763,166.4572,73.38,82,100,8.12
3183284,Alghero,IT,40.5589,8.3181,46.49,57,0,11.5
1510030,Biskamzha,RU,53.4497,89.5272,11.75,99,99,1.63
610298,Beyneu,KZ,45.3167,55.2,33.12,81,100,25.28
5528182,Pecos,US,31.4229,-103.4932,51.69,40,75,17.27
3598787,Champerico,GT,14.3,-91.9167,93.74,57,38,10.65
4562600,Añasco,PR,18.2827,-67.1396,82.38,71,72,11.99
552465,Kargopol',RU,61.5071,38.9456,24.19,89,96,10.96
374739,Gogrial,SS,8.5332,28.1004,82.49,13,83,6.15
3386213,Touros,BR,-5.1989,-35.4608,83.82,58,15,18.37
3894426,Coyhaique,CL,-45.5752,-72.0662,73.35,46,40,9.22
2074865,Carnarvon,AU,-24.8667,113.6333,76.64,70,0,20.36
2643044,Margate,GB,51.3813,1.3862,33.69,97,4,7.07
3991622,La Providencia,MX,28.7167,-111.5833,68.79,23,0,13.06
2128975,Nemuro,JP,43.3236,145.575,24.19,86,85,11.21
103630,Najrān,SA,17.4924,44.1277,74.05,30,46,2.26
3985710,Cabo San Lucas,MX,22.8909,-109.9124,73.87,62,100,3.0
2360541,Gayéri,BF,12.6497,0.4931,87.57,12,99,8.41
3691954,Sechura,PE,-5.5569,-80.8222,86.25,53,28,17.65
1806840,Huilong,CN,31.8111,121.655,41.94,88,97,8.01
5989403,Kapuskasing,CA,49.4169,-82.4331,32.0,93,100,9.22
2036401,Jiutai,CN,44.1525,125.8328,8.94,85,5,6.44
3466165,Cidreira,BR,-30.1811,-50.2056,79.36,62,27,10.13
3924908,Pimenta Bueno,BR,-11.6725,-61.1936,84.94,66,72,1.86
7117100,Vila,PT,42.0304,-8.1588,40.08,82,2,5.86
1278969,Along,IN,28.1667,94.7667,54.93,87,100,2.24
524100,Muyezerskiy,RU,63.9333,31.65,32.16,89,100,13.53
2661524,Biasca,CH,46.3597,8.9697,31.33,73,3,5.75
7647007,Bariloche,AR,-41.1456,-71.3082,78.55,14,0,9.22
614455,Gori,GE,41.9842,44.1158,31.37,80,100,20.2
2120612,Tigil',RU,57.8,158.6667,-10.59,99,100,4.7
2255542,Owando,CG,-0.4819,15.8999,76.73,70,43,2.26
162627,Yabrūd,SY,33.9674,36.6574,26.96,82,24,4.21
6050066,La Ronge,CA,55.1001,-105.2842,25.05,74,75,2.3
292223,Dubai,AE,25.2582,55.3047,75.36,47,0,9.22
5086544,Gilford,US,43.5476,-71.4067,31.21,36,0,6.91
1015776,Bredasdorp,ZA,-34.5322,20.0403,68.95,72,100,9.66
1734810,Seremban,MY,2.7297,101.9381,77.95,91,100,2.33
1496588,Novozaimka,RU,56.4857,66.9241,-12.46,100,100,4.61
2112802,Hasaki,JP,35.7333,140.8333,46.78,85,99,23.33
934479,Grand Gaube,MU,-20.0064,57.6608,80.38,78,9,10.0
98182,Baghdad,IQ,33.3406,44.4009,55.31,47,22,5.75
1056899,Sambava,MG,-14.2667,50.1667,76.1,88,53,6.85
2126710,Beringovskiy,RU,63.05,179.3167,-19.43,95,98,7.7
2012593,Zeya,RU,53.75,127.2667,-28.93,95,22,3.47
1717787,Catuday,PH,16.2923,119.8062,76.64,84,6,6.49
3492997,Samaná,DO,19.2056,-69.3369,86.22,70,40,9.22
955313,Siyabuswa,ZA,-25.1132,29.0445,77.16,46,5,9.31
1507390,Dikson,RU,73.5069,80.5464,-15.74,94,100,15.86
6111862,Port Hardy,CA,50.6996,-127.4199,42.98,93,75,6.91
2038421,Bayan,CN,46.0833,127.4,-7.58,100,83,1.72
2120591,Tilichiki,RU,60.4667,166.1,-27.51,92,28,9.93
3382867,Totness,SR,5.8833,-56.3167,79.56,81,20,12.1
6167817,Torbay,CA,47.6666,-52.7314,22.24,82,75,23.02
2688368,Norrköping,SE,58.5942,16.1826,35.92,82,100,11.5
3838859,Río Gallegos,AR,-51.6226,-69.2181,64.45,52,40,10.36
2521883,Almeria,ES,37.1667,-2.3333,45.25,88,100,7.94
1280037,Shache,CN,38.4167,77.2406,30.31,65,0,1.81
2137773,Vao,NC,-22.6667,167.4833,78.71,71,92,11.25
3413604,Selfoss,IS,63.9331,-20.9971,26.04,72,100,30.11
1644605,Galesong,ID,-5.3166,119.3661,75.22,81,98,6.49
3115739,Narón,ES,43.5167,-8.1528,45.61,75,96,18.41
1270779,Guhāgar,IN,17.4842,73.1929,69.87,72,99,4.29
539897,Kudeyevskiy,RU,54.8758,56.7567,-7.76,100,100,1.32
3622036,Roxana,CR,10.2753,-83.7513,88.03,80,75,6.69
1265752,Kukshi,IN,22.2,74.75,69.57,28,0,2.73
344420,Adwa,ET,14.1646,38.8955,64.2,54,0,3.65
286621,Salalah,OM,17.0151,54.0924,75.29,46,0,3.44
1637001,Luwuk,ID,-0.9516,122.7875,78.39,81,100,3.22
5849996,Lahaina,US,20.8783,-156.6825,75.54,91,0,8.97
786735,Prilep,MK,41.3464,21.5544,24.17,56,2,3.6
1270926,Gorakhpur,IN,29.45,75.6833,55.2,30,0,6.51
2214432,Nālūt,LY,30.3333,10.85,60.62,32,100,15.19
1563281,Tuy Hoa,VN,13.0833,109.3,71.98,94,20,2.93
5830007,Lander,US,42.833,-108.7307,23.68,61,0,0.0
2212775,Sabha,LY,27.0377,14.4283,59.76,30,100,10.6
1216787,Kitob,UZ,39.0843,66.8332,47.62,28,73,6.11
5924351,Clyde River,CA,70.4692,-68.5914,-30.77,68,75,2.3
4026082,Lázaro Cárdenas,MX,17.9583,-102.2,83.7,55,16,8.81
1687186,Sarangani,PH,5.4033,125.4636,80.58,75,100,14.97
4004293,Ixtapa,MX,20.7,-105.2,85.93,33,21,7.54
64814,Bandarbeyla,SO,9.4942,50.8122,76.69,72,73,13.62
343593,Āreka,ET,7.0667,37.7,65.52,25,3,8.16
3147104,Løding,NO,67.3,14.75,40.06,86,75,41.43
2177671,Armidale,AU,-30.5167,151.65,56.08,93,70,5.68
5919850,Chapais,CA,49.7834,-74.8492,20.98,76,100,16.67
2655692,Biggar,GB,55.6167,-3.5167,43.74,97,100,5.64
1529660,Aksu,CN,41.1231,80.2644,25.09,79,4,5.79
556268,Ostrovnoy,RU,68.0531,39.5131,36.63,98,100,28.32
6137462,Saint-Augustin,CA,51.226,-58.6502,7.66,66,0,4.14
553766,Kamenka,RU,51.3223,42.7678,9.16,94,7,10.67
3927942,Tambopata,PE,-12.7333,-69.1833,85.89,84,75,6.91
501847,Rochegda,RU,62.8,43.25,23.47,95,100,9.31
780687,Berlevåg,NO,70.8578,29.0864,35.28,75,0,29.93
3421719,Narsaq,GL,60.9167,-46.05,-0.18,72,0,4.88
1733697,Semporna,MY,4.4818,118.6112,77.54,85,100,4.14
527321,Mezen',RU,65.8522,44.24,29.16,94,100,13.51
1583992,Turan,VN,16.0678,108.2208,76.98,88,75,4.61
5861897,Fairbanks,US,64.8378,-147.7164,1.8,75,75,0.0
6453331,Kristiansund,NO,63.1115,7.732,38.05,87,40,0.0
6126749,Rocky Mountain House,CA,52.3668,-114.9188,39.31,48,20,8.05
2446796,Bilma,NE,18.6853,12.9164,72.25,17,45,6.44
2111495,Ōhara,JP,35.25,140.3833,50.16,85,100,15.39
2062381,Robe,AU,-37.1833,139.75,55.56,86,3,14.92
3461425,Ilhabela,BR,-23.7781,-45.3581,79.59,81,94,3.85
3515200,Totolapan,MX,18.5167,-96.1833,84.92,50,0,6.44
286987,Nizwá,OM,22.9333,57.5333,73.62,29,32,3.4
2521582,Arona,ES,28.0996,-16.681,58.17,59,40,5.75
1497276,Novaya Lyalya,RU,59.055,60.599,-8.9,100,90,3.4
110690,Abhā,SA,18.2164,42.5053,55.65,72,0,6.91
2017215,Sangar,RU,63.9242,127.4739,-41.75,99,100,1.88
6113406,Prince Rupert,CA,54.3161,-130.3201,35.69,93,100,13.8
2851962,Pritzwalk,DE,53.1494,12.1741,29.39,60,55,3.96
2264557,Ponta do Sol,PT,32.6667,-17.1,59.25,70,8,5.91
2160517,Launceston,AU,-41.45,147.1667,58.48,75,100,9.22
2654970,Brae,GB,60.3964,-1.353,43.88,73,1,26.49
2396853,Omboué,GA,-1.5746,9.2618,78.87,81,73,5.95
733986,Tsotíli,GR,40.2667,21.3167,25.34,53,8,3.78
1498161,Muzhi,RU,65.3667,64.6667,-4.49,96,85,9.28
1819729,Hong Kong,HK,22.2855,114.1577,65.25,92,96,8.99
924705,Nkhotakota,MW,-12.9274,34.2961,73.42,86,99,5.53
2122090,Pevek,RU,69.7008,170.3133,-22.58,96,100,3.24
4106458,Conway,US,35.0887,-92.4421,60.98,78,100,0.0
5882953,Aklavik,CA,68.2191,-135.0107,-22.0,69,100,3.44
4409896,Springfield,US,37.2153,-93.2982,42.75,86,100,5.75
650095,Kurikka,FI,62.6167,22.4167,33.73,97,100,5.61
601551,Akdepe,TM,42.0551,59.3788,46.49,55,100,17.07
2514301,Mahon,ES,39.8885,4.2658,52.36,82,75,24.16
516400,Oboyan',RU,51.2098,36.2792,13.82,93,17,10.47
3115824,Muros,ES,42.7762,-9.0603,50.34,57,1,20.56
5947866,Elliot Lake,CA,46.3834,-82.6331,32.74,95,100,13.47
1259385,Port Blair,IN,11.6667,92.75,80.64,78,40,4.61
380348,Abū Zabad,SD,12.35,29.25,70.41,18,5,16.02
1068971,Antsohihy,MG,-14.8796,47.9875,74.08,98,100,3.65
6171633,Ucluelet,CA,48.9329,-125.5528,47.08,94,21,5.01
2022317,Khor,RU,47.8861,134.9464,-11.49,98,83,7.25
2126682,Bilibino,RU,68.0546,166.4372,-39.05,100,100,0.43
2122605,Okhotsk,RU,59.3833,143.3,-11.96,86,98,9.82
3984997,San Quintín,MX,30.4833,-115.95,63.81,30,0,4.81
1798480,Pumiao,CN,22.75,108.4833,57.6,92,100,5.03
6255012,Flinders,AU,-34.5833,150.8552,67.46,90,98,3.0
2291136,Bondoukou,CI,8.0333,-2.8,86.95,39,100,3.09
86049,Jalu,LY,29.0331,21.5482,55.67,47,100,7.09
2173911,Broken Hill,AU,-31.95,141.4333,70.48,30,0,10.36
3388847,São Félix do Xingu,BR,-6.6447,-51.995,86.79,60,100,3.44
2092164,Lorengau,PG,-2.0226,147.2712,78.96,89,100,13.58
3939761,Hualmay,PE,-11.0964,-77.6139,78.33,67,10,10.38
3204121,Biograd na Moru,HR,43.9433,15.4519,34.5,55,80,10.33
1514792,Gazojak,TM,41.1875,61.4036,43.95,64,100,18.54
5710360,Winnemucca,US,40.973,-117.7357,40.35,48,57,3.58
6164499,The Pas,CA,53.8251,-101.2541,12.22,79,40,16.11
1519275,Shar,KZ,49.5886,81.0453,1.38,97,88,4.79
768218,Gmina Końskie,PL,51.1917,20.4061,28.6,95,100,5.12
4033077,Vaitape,PF,-16.5167,-151.75,80.2,76,14,12.21
484670,Taman',RU,45.2117,36.7161,29.52,90,100,32.28
2194098,Ahipara,NZ,-35.1667,173.1667,65.5,77,100,5.19
3792379,Santa Rosa del Sur,CO,7.9644,-74.0544,90.72,37,21,2.86
2022143,Khuzhir,RU,53.1939,107.3397,6.33,88,30,2.24
2027004,Bayanday,RU,53.0661,105.5139,-6.0,100,99,4.29
2295517,Savelugu,GH,9.6244,-0.8253,93.45,27,100,1.9
2094342,Kavieng,PG,-2.5744,150.7967,80.42,79,100,4.05
5973108,Hearst,CA,49.6835,-83.6665,30.45,98,100,11.39
544440,Korsakovo,RU,53.2677,37.3569,13.93,96,9,5.37
3381041,Mana,GF,5.6592,-53.7767,80.65,76,35,11.99
1688696,San Policarpo,PH,12.1791,125.5072,79.03,81,100,14.14
1511997,Aktash,RU,50.3,87.7333,-11.24,91,61,5.19
3451478,Riachão das Neves,BR,-11.7461,-44.91,85.69,50,44,4.9
10722858,Forsytheganj,BY,52.6333,29.7333,13.73,97,19,4.25
2112309,Katsuura,JP,35.1333,140.3,50.41,85,100,15.1
1000006,Greytown,ZA,-29.0642,30.5928,64.11,98,100,3.27
3664956,Boca do Acre,BR,-8.7522,-67.3978,84.33,75,22,1.63
1634614,Nabire,ID,-3.3667,135.4833,74.35,93,100,2.95
3939168,Huarmey,PE,-10.0681,-78.1522,77.86,71,14,10.87
5915359,Cap-Chat,CA,49.1001,-66.6821,21.2,53,99,4.61
1645528,Denpasar,ID,-8.65,115.2167,79.72,88,40,12.66
49747,Oddur,SO,4.1213,43.8894,81.32,32,9,9.33
2646557,Horsham,GB,51.064,-0.3272,35.96,81,0,1.14
2152659,Port Macquarie,AU,-31.4333,152.9167,68.9,78,93,2.42
2109701,Auki,SB,-8.7676,160.7034,77.5,92,96,5.23
3164387,Vieste,IT,41.8825,16.175,42.71,51,34,14.38
53654,Mogadishu,SO,2.0371,45.3438,76.91,86,100,19.17
1505998,Idrinskoye,RU,54.3708,92.1358,5.27,98,99,2.57
3157799,Farsund,NO,58.0948,6.8047,43.05,100,100,7.09
2644210,Liverpool,GB,53.4106,-2.9779,44.42,83,75,3.44
1783621,Zunyi,CN,27.6867,106.9072,43.56,91,100,5.53
2156643,Mount Gambier,AU,-37.8333,140.7667,52.77,90,6,7.7
3924610,Achacachi,BO,-16.05,-68.6833,50.23,74,93,3.98
1855612,Nara,JP,34.6851,135.8049,45.93,55,5,2.59
2276492,Harper,LR,4.375,-7.7169,80.42,82,56,7.99
3359638,Walvis Bay,NA,-22.9575,14.5053,68.09,80,27,6.89
2236568,Uíge,AO,-7.6087,15.0613,66.43,98,89,1.83
3454847,Passos,BR,-20.7189,-46.6097,80.19,68,99,5.41
2738381,Lata,PT,40.1629,-8.3327,52.81,69,5,2.15
2436400,Ati,TD,13.2154,18.3353,77.22,15,64,11.14
364933,Umm Kaddadah,SD,13.6017,26.6876,66.43,24,11,16.08
2318123,Yenagoa,NG,4.9247,6.2642,81.21,74,42,9.82
3361142,Springbok,ZA,-29.6643,17.8865,69.51,54,82,7.14
371745,Kutum,SD,14.2,24.6667,63.59,23,13,12.95
95788,Hīt,IQ,33.6416,42.8251,52.86,58,76,19.39
2063039,Port Keats,AU,-14.25,129.55,81.77,75,1,8.99
2180815,Tuatapere,NZ,-46.1333,167.6833,50.16,81,97,12.15
3461576,Ibirama,BR,-27.0569,-49.5178,93.31,27,1,1.59
2439155,Tanout,NE,14.9709,8.8879,73.53,12,82,10.92
87205,Darnah,LY,32.767,22.6367,53.98,68,98,17.0
3013633,Arrondissement du Havre,FR,49.5833,0.3333,35.53,87,0,8.05
489910,Sozimskiy,RU,59.7418,52.2482,7.34,96,100,6.71
3466980,Caravelas,BR,-17.7125,-39.2481,84.34,61,0,10.69
2027276,Babushkin,RU,51.7122,105.8647,7.34,91,100,5.1
667008,Sânmartin,RO,46.2667,25.9333,15.6,97,100,1.86
1808857,Hanzhong,CN,33.0728,107.0303,49.1,71,100,4.23
3440777,Rocha,UY,-34.4833,-54.3333,86.41,39,34,15.59
110690,Faya,SA,18.3851,42.4509,55.92,80,33,6.17
2071860,Esperance,AU,-33.8667,121.9,68.45,70,100,12.03
665933,Stroiești,RO,47.6167,26.1333,27.52,62,75,18.41
2636389,Swindon,GB,51.558,-1.7812,35.13,82,5,1.57
3460697,Itapirapuã,BR,-15.8233,-50.6133,87.03,59,77,2.3
1495626,Pangody,RU,65.85,74.4859,-14.89,100,100,7.63
5949601,Eston,CA,51.1501,-108.7514,31.93,82,100,9.95
3670218,San Andrés,CO,12.5847,-81.7006,84.22,70,75,17.27
2020591,Magdagachi,RU,53.45,125.8,-31.68,100,25,2.64
5697939,North Platte,US,41.1239,-100.7654,38.08,70,0,10.36
3868633,Vallenar,CL,-28.5708,-70.7581,89.71,28,0,11.52
2013465,Verkhoyansk,RU,67.5447,133.385,-55.28,100,80,1.52
2146219,Hervey Bay,AU,-25.2986,152.8535,77.22,65,87,16.44
1726449,Basco,PH,20.4487,121.9702,76.64,76,0,14.97
6050416,La Tuque,CA,47.4334,-72.7824,23.25,42,100,11.5
540761,Kropotkin,RU,45.4375,40.5756,24.12,92,100,14.7
2381334,Atar,MR,20.5169,-13.0499,77.05,23,74,11.5
2144528,Warrnambool,AU,-38.3833,142.4833,55.04,84,97,10.8
2553604,Casablanca,MA,33.5928,-7.6192,59.09,72,0,4.61
3938415,Ilo,PE,-17.6394,-71.3375,77.86,73,0,16.11
5856516,‘Āhuimanu,US,21.4447,-157.8378,75.04,84,75,16.11
5742974,North Bend,US,43.4065,-124.2243,48.33,87,100,8.05
1028434,Quelimane,MZ,-17.8786,36.8883,81.91,83,40,3.44
352733,Marsá Maţrūḩ,EG,31.3525,27.2453,52.0,76,75,9.22
2517750,Felanitx,ES,39.4696,3.1483,48.99,84,100,22.66
3899539,Antofagasta,CL,-23.65,-70.4,74.48,71,98,10.25
2398929,Mbigou,GA,-1.9005,11.906,68.88,95,100,2.71
1863997,Fukuechō,JP,32.6881,128.8419,53.58,64,93,17.05
3141667,Roald,NO,62.5833,6.1333,41.52,70,20,12.66
2413419,Gunjur,GM,13.2019,-16.7339,80.67,39,5,8.05
1248991,Colombo,LK,6.9319,79.8478,76.95,90,7,7.31
2022369,Kholtoson,RU,50.2981,103.3097,-7.38,99,28,4.16
6316343,Alta Floresta,BR,-9.8756,-56.0861,87.62,62,40,10.36
530196,Malye Derbety,RU,47.9547,44.6808,19.42,81,100,23.13
2134814,Sola,VU,-13.8833,167.55,81.9,76,100,12.75
3883457,Lebu,CL,-37.6167,-73.65,64.99,66,0,18.14
3393692,Itarema,BR,-2.9248,-39.9167,82.47,71,100,12.53
1490256,Talnakh,RU,69.4865,88.3972,-5.89,97,100,6.49
1337619,Ugoofaaru,MV,5.6667,73.0,81.25,69,79,9.46
3981345,Topolobampo,MX,25.6,-109.05,72.16,27,71,19.57
5955902,Fort Nelson,CA,58.8053,-122.7002,9.99,79,20,8.05
1503796,Khandagayty,RU,50.7333,92.05,-12.37,97,93,5.01
314648,Genç,TR,38.7507,40.5603,27.81,97,100,4.43
7303783,Sydney Mines,CA,46.2367,-60.2177,25.88,75,75,18.41
3839307,Rawson,AR,-43.3002,-65.1023,75.83,40,99,15.32
1142226,Dawlatabad,AF,36.4141,64.9053,50.97,52,95,2.08
4132093,Springdale,US,36.1867,-94.1288,44.58,91,100,8.05
2962961,Letterkenny,IE,54.95,-7.7333,44.49,92,17,5.03
542788,Krasnaya Gora,RU,52.9995,31.6023,11.98,96,7,3.91
94298,Kifrī,IQ,34.6959,44.9661,48.2,75,89,10.33
3531368,Celestún,MX,20.8667,-90.4,83.25,55,0,3.67
2246451,Saint-Louis,SN,16.3333,-15.0,82.04,14,20,11.63
1037125,Montepuez,MZ,-13.1256,38.9997,70.11,97,100,3.22
590447,Karla,EE,59.3723,24.9275,34.34,85,100,13.8
5110092,Brewster,US,41.3973,-73.6171,38.91,43,0,11.5
2986626,Plouzané,FR,48.3833,-4.6167,40.19,68,0,11.5
2640729,Oxford,GB,51.7522,-1.256,35.65,86,15,1.14
2019884,Mogzon,RU,51.7435,111.9606,-9.17,100,83,3.22
5656882,Helena,US,46.5927,-112.0361,41.13,51,0,11.5
5467024,Española,US,35.9911,-106.0806,38.91,46,100,3.87
886763,Masvingo,ZW,-20.0637,30.8277,69.49,57,4,6.04
3576994,Cockburn Town,TC,21.4612,-71.1419,77.45,74,0,20.18
863061,Usinsk,RU,65.9939,57.5281,8.55,93,100,27.65
1714733,Dingle,PH,10.9995,122.6711,73.4,94,100,7.36
2155562,Nelson Bay,AU,-32.7167,152.15,69.84,83,40,10.0
4315067,Ascension,US,30.2169,-90.9001,73.83,57,40,5.75
3377301,Mabaruma,GY,8.2,-59.7833,86.0,66,75,9.22
1505187,Kaa-Khem,RU,51.6833,94.7333,-9.74,96,93,1.81
3393838,Nova Olinda do Norte,BR,-3.8881,-59.0942,82.2,80,78,2.1
2015701,Taksimo,RU,56.3444,114.8794,-4.65,90,95,3.69
2014624,Udachny,RU,66.4167,112.4,-33.56,66,98,2.51
1637001,Biak,ID,-0.9131,122.8766,76.86,80,100,4.07
2632287,Dalvik,IS,65.9702,-18.5286,26.53,81,98,12.35
2064735,Nhulunbuy,AU,-12.2333,136.7667,79.41,94,96,0.0
3652758,Puerto Baquerizo Moreno,EC,-0.9,-89.6,83.39,74,40,2.3
2452655,Niono,ML,14.2526,-5.993,87.31,12,12,6.13
4993659,Garden City,US,42.3256,-83.331,49.62,68,75,26.46
3160100,Beian,NO,63.6559,9.5683,37.51,87,0,8.05
236950,Obo,CF,5.3998,26.4869,80.62,18,83,5.84
3628473,San Cristobal,VE,7.7669,-72.225,80.78,38,55,6.4
72181,Marzuq,YE,14.4,46.4667,64.0,54,14,5.79
2132606,Samarai,PG,-10.6167,150.6667,79.38,83,100,11.25
2186111,Ngunguru,NZ,-35.6167,174.5,63.19,72,100,6.87
2345521,Damaturu,NG,11.747,11.9608,73.72,21,40,9.28
2020121,Mayya,RU,61.7333,130.2811,-53.28,100,100,1.54
1033356,Nampula,MZ,-15.1165,39.2666,71.55,100,75,3.44
1106677,Bambous Virieux,MU,-20.3428,57.7575,80.85,74,75,12.66
1648082,Boyolangu,ID,-8.1181,111.8935,74.32,92,100,2.39
1501000,Kyshtovka,RU,56.555,76.6271,-1.93,100,94,3.83
2136825,Isangel,VU,-19.55,169.2667,78.89,84,100,2.55
1529484,Kumul,CN,42.8,93.45,33.53,48,100,4.72
3407407,Aquiraz,BR,-3.9014,-38.3911,84.29,67,100,10.18
2252473,Diofior,SN,14.1833,-16.6667,81.93,21,6,13.15
6147353,Sicamous,CA,50.8331,-118.9856,45.57,87,100,4.47
2022773,Khandyga,RU,62.6667,135.6,-49.85,100,100,2.42
2392087,Porto-Novo,BJ,6.4965,2.6036,84.02,77,81,9.57
1148205,Āsmār,AF,35.0333,71.3581,44.17,43,0,11.21
2123814,Leningradskiy,RU,69.3833,178.4167,-24.77,97,100,5.91
2121909,Poronaysk,RU,49.2167,143.1167,-9.22,100,77,4.12
3464008,Esmeraldas,BR,-19.7625,-44.3139,87.17,65,70,4.61
3412093,Vestmannaeyjar,IS,63.4427,-20.2734,31.19,93,75,28.77
2520645,Cabra,ES,37.4725,-4.4421,46.67,87,100,2.8
1444363,Nuristan,AF,35.3,70.8333,5.76,52,4,11.39
1082243,Ambilobe,MG,-13.2,49.05,73.49,96,100,2.17
6690296,Saint-Joseph,RE,-21.3667,55.6167,79.18,82,65,13.78
965401,Phuthaditjhaba,ZA,-28.5242,28.8158,60.67,91,100,2.75
1852357,Shimoda,JP,34.6667,138.95,47.1,75,98,5.48
2455290,Kidal,ML,18.4411,1.4078,82.9,11,100,10.45
3893656,Copiapó,CL,-27.3667,-70.3333,69.49,31,81,12.03
2381972,Adrar,MR,20.5022,-10.0711,67.17,17,66,11.07
3691582,Talara,PE,-4.5772,-81.2719,90.36,45,0,13.8
1264976,Leh,IN,34.1667,77.5833,-1.75,65,11,3.44
3673783,Nóvita,CO,4.9551,-76.6053,86.23,73,52,3.49
642455,Pedersore,FI,63.65,22.6833,33.24,91,100,9.15
4021858,Guerrero Negro,MX,27.9769,-114.0611,66.87,23,0,1.01
2026861,Berdigestyakh,RU,62.0989,126.6992,-40.92,100,100,1.12
921786,Mitsamiouli,KM,-11.3847,43.2844,81.48,78,96,9.28
918702,Chipata,ZM,-13.6333,32.65,64.53,96,59,2.35
551145,Kem',RU,64.9555,34.5793,37.08,87,100,17.07
544084,Koslan,RU,63.4564,48.8989,15.85,93,100,10.56
5879400,Anchorage,US,61.2181,-149.9003,14.83,89,0,4.0
868355,Kochubey,RU,44.3861,46.5825,28.33,97,100,13.6
3698359,Chicama,PE,-7.8447,-79.1469,72.14,53,4,12.15
1650232,Banjar,ID,-8.19,114.9675,76.41,92,100,0.72
4870380,Ottumwa,US,41.02,-92.4113,44.55,68,40,14.97
104515,Makkah al Mukarramah,SA,21.4267,39.8261,67.14,51,100,11.77
3662762,Porto Velho,BR,-8.7619,-63.9039,82.45,74,40,5.75
1863521,Gōtsuchō,JP,35.0,132.2167,47.35,73,84,3.58
3397763,Jacareacanga,BR,-6.2222,-57.7528,85.73,64,38,2.17
1786855,Yatou,CN,37.15,122.3833,32.29,66,43,6.26
2525362,Carbonia,IT,39.1672,8.5222,42.28,64,69,18.63
4031742,Egvekinot,RU,66.3167,-179.1667,-21.46,88,99,8.59
2063030,Port Pirie,AU,-33.1833,138.0167,74.08,37,0,7.92
1127106,Sar-e Pul,AF,35.8333,66.1667,39.34,56,40,11.74
3832899,Viedma,AR,-40.8135,-62.9967,86.61,34,12,18.88
5038108,Moorhead,US,46.8739,-96.7676,28.4,77,0,8.05
2028462,Ulaanbaatar,MN,47.9077,106.8832,-14.67,70,6,0.0
3868626,Valparaíso,CL,-33.0393,-71.6273,71.83,68,2,8.05
3111107,Salamanca,ES,40.8333,-6.0,40.75,66,90,6.33
2020871,Lebedinyy,RU,58.5167,125.5167,-23.64,99,100,2.57
3672123,Pital,CO,2.2665,-75.8044,85.35,47,61,4.72
4036284,Alofi,NU,-19.0595,-169.9187,79.59,72,100,2.73
1862505,Hirara,JP,24.8,125.2833,68.4,76,100,15.48
556858,Imeni Babushkina,RU,59.7573,43.1285,13.28,94,100,8.88
2122614,Ekhabi,RU,53.5102,142.9671,-14.1,96,100,4.83
3430443,Necochea,AR,-38.5473,-58.7368,87.57,43,14,10.02
2264923,Peniche,PT,39.3558,-9.3811,53.2,66,5,10.25
6100069,Peace River,CA,56.2501,-117.286,30.51,64,20,13.8
2101169,Aitape,PG,-3.1374,142.3475,75.65,95,100,4.09
1276300,Bhāgalpur,IN,25.25,87.0,59.83,58,0,1.52
3125287,Cervo,ES,43.6702,-7.4101,45.97,68,100,22.28
3577430,Road Town,VG,18.4167,-64.6167,82.44,74,40,11.5
1696482,Pagudpud,PH,18.5616,120.7868,74.68,89,3,11.41
1256823,Seoni Mālwa,IN,22.45,77.4667,63.93,33,0,3.31
3135020,Svolvær,NO,68.2342,14.5683,39.16,70,40,13.8
342856,Bako,ET,5.7833,36.5667,69.75,39,1,3.13
1798713,Pingshan,CN,22.9938,114.7131,67.01,84,99,3.71
3480908,La Asuncion,VE,11.0333,-63.8628,78.71,75,100,14.94
1518768,Stepnyak,KZ,52.8339,70.7803,5.16,97,100,0.34
3422683,Kangaatsiaq,GL,68.3065,-53.4641,-18.51,88,100,9.17
3663529,Manacapuru,BR,-3.2997,-60.6206,82.54,75,64,3.33
3461659,Horizontina,BR,-27.6258,-54.3078,99.12,16,9,8.99
1810240,Gejiu,CN,23.306,103.1635,45.09,95,39,4.41
2037075,Hailin,CN,44.5833,129.4167,-1.64,98,77,2.64
3403395,Cândido Mendes,BR,-1.4467,-45.7167,82.35,72,100,6.58
1262663,Mudhol,IN,16.35,75.2833,74.53,37,100,6.6
1855342,Nishihara,JP,26.1842,127.7558,64.45,88,75,11.5
779622,Havøysund,NO,70.9963,24.6622,37.63,65,5,31.23
2512186,Puerto del Rosario,ES,28.5004,-13.8627,64.15,59,20,11.5
210939,Luebo,CD,-5.35,21.4167,74.28,77,99,3.06
6111867,Port Hawkesbury,CA,45.6169,-61.3485,28.65,59,0,18.01
1174653,Kashmor,PK,28.4333,69.5833,64.62,26,3,0.87
528288,Maykor,RU,59.0059,55.88,-4.2,100,100,2.55
1803936,Wuwei,CN,37.9281,102.6414,29.19,46,100,4.5
178443,Wajir,KE,1.7471,40.0573,89.56,31,0,0.0
